"Id","Procedencia__c"
"a05gK00006Fd7xVQAR","SITIO_WEB_CAPACIDAD_ASUMIDA"
"a05gK00006Fd7xWQAR","SITIO_WEB_CAPACIDAD_ASUMIDA"
"a05gK00006Fd7xXQAR","SITIO_WEB_CAPACIDAD_ASUMIDA"
"a05gK00006Fd7xYQAR","SITIO_WEB_CAPACIDAD_ASUMIDA"
"a05gK00006Fd7xZQAR","SITIO_WEB_CAPACIDAD_ASUMIDA"
"a05gK00006Fd7xaQAB","SITIO_WEB_CAPACIDAD_ASUMIDA"
"a05gK00006Fd7xbQAB","SITIO_WEB_CAPACIDAD_ASUMIDA"
"a05gK00006Fd7xcQAB","SITIO_WEB_CAPACIDAD_ASUMIDA"
"a05gK00006Fd7xdQAB","SITIO_WEB_CAPACIDAD_ASUMIDA"
"a05gK00006Fd7xeQAB","SITIO_WEB_CAPACIDAD_ASUMIDA"
"a05gK00006Fd7xfQAB","SITIO_WEB_CAPACIDAD_ASUMIDA"
"a05gK00006Fd7xgQAB","SITIO_WEB_CAPACIDAD_ASUMIDA"
"a05gK00006Fd7xhQAB","SITIO_WEB_CAPACIDAD_ASUMIDA"
"a05gK00006Fd7xiQAB","SITIO_WEB_CAPACIDAD_ASUMIDA"
"a05gK00006Fd7xjQAB","SITIO_WEB_CAPACIDAD_ASUMIDA"
"a05gK00006Fd7xkQAB","SITIO_WEB_CAPACIDAD_ASUMIDA"
"a05gK00006Fd7xlQAB","SITIO_WEB_CAPACIDAD_ASUMIDA"
"a05gK00006Fd7xmQAB","SITIO_WEB_CAPACIDAD_ASUMIDA"
"a05gK00006Fd7xnQAB","SITIO_WEB_CAPACIDAD_ASUMIDA"
"a05gK00006Fd7xoQAB","SITIO_WEB_CAPACIDAD_ASUMIDA"
"a05gK00006Fd7xpQAB","SITIO_WEB_CAPACIDAD_ASUMIDA"
"a05gK00006Fd7xqQAB","SITIO_WEB_CAPACIDAD_ASUMIDA"
"a05gK00006Fd7xrQAB","SITIO_WEB_CAPACIDAD_ASUMIDA"
"a05gK00006Fd7xsQAB","SITIO_WEB_CAPACIDAD_ASUMIDA"
"a05gK00006Fd7xtQAB","SITIO_WEB_CAPACIDAD_ASUMIDA"
"a05gK00006Fd7xuQAB","SITIO_WEB_CAPACIDAD_ASUMIDA"
"a05gK00006Fd7xvQAB","SITIO_WEB_CAPACIDAD_ASUMIDA"
"a05gK00006Fd7xwQAB","SITIO_WEB_CAPACIDAD_ASUMIDA"
"a05gK00006Fd7xxQAB","SITIO_WEB_CAPACIDAD_ASUMIDA"
"a05gK00006Fd7xyQAB","SITIO_WEB_CAPACIDAD_ASUMIDA"
"a05gK00006Fd7xzQAB","SITIO_WEB_CAPACIDAD_ASUMIDA"
"a05gK00006Fd7y0QAB","SITIO_WEB_CAPACIDAD_ASUMIDA"
"a05gK00006Fd7y1QAB","SITIO_WEB_CAPACIDAD_ASUMIDA"
"a05gK00006Fd7y2QAB","SITIO_WEB_CAPACIDAD_ASUMIDA"
"a05gK00006Fd7y3QAB","SITIO_WEB_CAPACIDAD_ASUMIDA"
"a05gK00006Fd7y4QAB","SITIO_WEB_CAPACIDAD_ASUMIDA"
"a05gK00006Fd7y5QAB","SITIO_WEB_CAPACIDAD_ASUMIDA"
"a05gK00006Fd7y6QAB","SITIO_WEB_CAPACIDAD_ASUMIDA"
"a05gK00006Fd7y7QAB","SITIO_WEB_CAPACIDAD_ASUMIDA"
"a05gK00006Fd7y8QAB","SITIO_WEB_CAPACIDAD_ASUMIDA"
"a05gK00006Fd7y9QAB","SITIO_WEB_CAPACIDAD_ASUMIDA"
"a05gK00006Fd7yAQAR","SITIO_WEB_CAPACIDAD_ASUMIDA"
"a05gK00006Fd7yBQAR","SITIO_WEB_CAPACIDAD_ASUMIDA"
"a05gK00006Fd7yCQAR","SITIO_WEB_CAPACIDAD_ASUMIDA"
"a05gK00006Fd7yDQAR","SITIO_WEB_CAPACIDAD_ASUMIDA"
"a05gK00006Fd7yEQAR","SITIO_WEB_CAPACIDAD_ASUMIDA"
"a05gK00006Fd7yFQAR","SITIO_WEB_CAPACIDAD_ASUMIDA"
"a05gK00006Fd7yGQAR","SITIO_WEB_CAPACIDAD_ASUMIDA"
"a05gK00006Fd7yHQAR","SITIO_WEB_CAPACIDAD_ASUMIDA"
"a05gK00006Fd7yIQAR","SITIO_WEB_CAPACIDAD_ASUMIDA"
"a05gK00006Fd7yJQAR","SITIO_WEB_CAPACIDAD_ASUMIDA"
"a05gK00006Fd7yKQAR","SITIO_WEB_CAPACIDAD_ASUMIDA"
"a05gK00006Fd7yLQAR","SITIO_WEB_CAPACIDAD_ASUMIDA"
"a05gK00006Fd7yMQAR","SITIO_WEB_CAPACIDAD_ASUMIDA"
"a05gK00006Fd7yNQAR","SITIO_WEB_CAPACIDAD_ASUMIDA"
"a05gK00006Fd7yOQAR","SITIO_WEB_CAPACIDAD_ASUMIDA"
"a05gK00006Fd7yPQAR","SITIO_WEB_CAPACIDAD_ASUMIDA"
"a05gK00006Fd7yQQAR","SITIO_WEB_CAPACIDAD_ASUMIDA"
"a05gK00006Fd7yRQAR","SITIO_WEB_CAPACIDAD_ASUMIDA"
"a05gK00006Fd7ySQAR","SITIO_WEB_CAPACIDAD_ASUMIDA"
"a05gK00006Fd7yTQAR","SITIO_WEB_CAPACIDAD_ASUMIDA"
"a05gK00006Fd7yUQAR","SITIO_WEB_CAPACIDAD_ASUMIDA"
"a05gK00006Fd7yVQAR","SITIO_WEB_CAPACIDAD_ASUMIDA"
"a05gK00006Fd7yWQAR","SITIO_WEB_CAPACIDAD_ASUMIDA"
"a05gK00006Fd7yXQAR","SITIO_WEB_CAPACIDAD_ASUMIDA"
"a05gK00006Fd7yYQAR","SITIO_WEB_CAPACIDAD_ASUMIDA"
"a05gK00006Fd7yZQAR","SITIO_WEB_CAPACIDAD_ASUMIDA"
"a05gK00006Fd7yaQAB","SITIO_WEB_CAPACIDAD_ASUMIDA"
"a05gK00006Fd7ybQAB","SITIO_WEB_CAPACIDAD_ASUMIDA"
"a05gK00006Fd7ycQAB","SITIO_WEB_CAPACIDAD_ASUMIDA"
"a05gK00006Fd7ydQAB","SITIO_WEB_CAPACIDAD_ASUMIDA"
"a05gK00006Fd7yeQAB","SITIO_WEB_CAPACIDAD_ASUMIDA"
"a05gK00006Fd7yfQAB","SITIO_WEB_CAPACIDAD_ASUMIDA"
"a05gK00006Fd7ygQAB","SITIO_WEB_CAPACIDAD_ASUMIDA"
"a05gK00006Fd7yhQAB","SITIO_WEB_CAPACIDAD_ASUMIDA"
"a05gK00006Fd7yiQAB","SITIO_WEB_CAPACIDAD_ASUMIDA"
"a05gK00006Fd7yjQAB","SITIO_WEB_CAPACIDAD_ASUMIDA"
"a05gK00006Fd7ykQAB","SITIO_WEB_CAPACIDAD_ASUMIDA"
"a05gK00006Fd7ylQAB","SITIO_WEB_CAPACIDAD_ASUMIDA"
"a05gK00006Fd7ymQAB","SITIO_WEB_CAPACIDAD_ASUMIDA"
"a05gK00006FfEw9QAF","SITIO_WEB_CAPACIDAD_ASUMIDA"
"a05gK00006FfEwAQAV","SITIO_WEB_CAPACIDAD_ASUMIDA"
"a05gK00006FfEwBQAV","SITIO_WEB_CAPACIDAD_ASUMIDA"
"a05gK00006FfEwCQAV","SITIO_WEB_CAPACIDAD_ASUMIDA"
"a05gK00006FfEwDQAV","SITIO_WEB_CAPACIDAD_ASUMIDA"
"a05gK00006FfEwEQAV","SITIO_WEB_CAPACIDAD_ASUMIDA"
"a05gK00006FfEwFQAV","SITIO_WEB_CAPACIDAD_ASUMIDA"
"a05gK00006FfEwGQAV","SITIO_WEB_CAPACIDAD_ASUMIDA"
"a05gK00006FfEwHQAV","SITIO_WEB_CAPACIDAD_ASUMIDA"
"a05gK00006FfEwIQAV","SITIO_WEB_CAPACIDAD_ASUMIDA"
"a05gK00006FfEwJQAV","SITIO_WEB_CAPACIDAD_ASUMIDA"
"a05gK00006FfEwKQAV","SITIO_WEB_CAPACIDAD_ASUMIDA"
"a05gK00006FfEwLQAV","SITIO_WEB_CAPACIDAD_ASUMIDA"
"a05gK00006FfEwMQAV","SITIO_WEB_CAPACIDAD_ASUMIDA"
"a05gK00006FfEwNQAV","SITIO_WEB_CAPACIDAD_ASUMIDA"
"a05gK00006FfEwOQAV","SITIO_WEB_CAPACIDAD_ASUMIDA"
"a05gK00006FfEwPQAV","SITIO_WEB_CAPACIDAD_ASUMIDA"
"a05gK00006FfEwQQAV","SITIO_WEB_CAPACIDAD_ASUMIDA"
"a05gK00006FfEwRQAV","SITIO_WEB_CAPACIDAD_ASUMIDA"
"a05gK00006FfEwSQAV","SITIO_WEB_CAPACIDAD_ASUMIDA"
"a05gK00006FfEwTQAV","SITIO_WEB_CAPACIDAD_ASUMIDA"
"a05gK00006FfEwUQAV","SITIO_WEB_CAPACIDAD_ASUMIDA"
"a05gK00006FfEwVQAV","SITIO_WEB_CAPACIDAD_ASUMIDA"
"a05gK00006FfEwWQAV","SITIO_WEB_CAPACIDAD_ASUMIDA"
"a05gK00006FfEwXQAV","SITIO_WEB_CAPACIDAD_ASUMIDA"
"a05gK00006FfEwYQAV","SITIO_WEB_CAPACIDAD_ASUMIDA"
"a05gK00006FfEwZQAV","SITIO_WEB_CAPACIDAD_ASUMIDA"
"a05gK00006FfEwaQAF","SITIO_WEB_CAPACIDAD_ASUMIDA"
"a05gK00006FfEwbQAF","SITIO_WEB_CAPACIDAD_ASUMIDA"
"a05gK00006FfEwcQAF","SITIO_WEB_CAPACIDAD_ASUMIDA"
"a05gK00006FfEwdQAF","SITIO_WEB_CAPACIDAD_ASUMIDA"
"a05gK00006FfEweQAF","SITIO_WEB_CAPACIDAD_ASUMIDA"
"a05gK00006FfEwfQAF","SITIO_WEB_CAPACIDAD_ASUMIDA"
"a05gK00006FfEwgQAF","SITIO_WEB_CAPACIDAD_ASUMIDA"
"a05gK00006FfEwhQAF","SITIO_WEB_CAPACIDAD_ASUMIDA"
"a05gK00006FfEwiQAF","SITIO_WEB_CAPACIDAD_ASUMIDA"
"a05gK00006FfEwjQAF","SITIO_WEB_CAPACIDAD_ASUMIDA"
"a05gK00006FfEwkQAF","SITIO_WEB_CAPACIDAD_ASUMIDA"
"a05gK00006FfEwlQAF","SITIO_WEB_CAPACIDAD_ASUMIDA"
"a05gK00006FfEwmQAF","SITIO_WEB_CAPACIDAD_ASUMIDA"
"a05gK00006FfEwnQAF","SITIO_WEB_CAPACIDAD_ASUMIDA"
"a05gK00006FfEwoQAF","SITIO_WEB_CAPACIDAD_ASUMIDA"
"a05gK00006FfEwpQAF","SITIO_WEB_CAPACIDAD_ASUMIDA"
"a05gK00006FfEwqQAF","SITIO_WEB_CAPACIDAD_ASUMIDA"
"a05gK00006FfEwrQAF","SITIO_WEB_CAPACIDAD_ASUMIDA"
"a05gK00006FfEwsQAF","SITIO_WEB_CAPACIDAD_ASUMIDA"
"a05gK00006FfEwtQAF","SITIO_WEB_CAPACIDAD_ASUMIDA"
"a05gK00006FfEwuQAF","SITIO_WEB_CAPACIDAD_ASUMIDA"
"a05gK00006FfEwvQAF","SITIO_WEB_CAPACIDAD_ASUMIDA"
"a05gK00006FfEwwQAF","SITIO_WEB_CAPACIDAD_ASUMIDA"
"a05gK00006FfEwxQAF","SITIO_WEB_CAPACIDAD_ASUMIDA"
"a05gK00006FfEwyQAF","SITIO_WEB_CAPACIDAD_ASUMIDA"
"a05gK00006FfEwzQAF","SITIO_WEB_CAPACIDAD_ASUMIDA"
"a05gK00006FfEx0QAF","SITIO_WEB_CAPACIDAD_ASUMIDA"
"a05gK00006FfEx1QAF","SITIO_WEB_CAPACIDAD_ASUMIDA"
"a05gK00006FfEx2QAF","SITIO_WEB_CAPACIDAD_ASUMIDA"
"a05gK00006FfEx3QAF","SITIO_WEB_CAPACIDAD_ASUMIDA"
"a05gK00006FfEx4QAF","SITIO_WEB_CAPACIDAD_ASUMIDA"
"a05gK00006FfEx5QAF","SITIO_WEB_CAPACIDAD_ASUMIDA"
"a05gK00006FfEx6QAF","SITIO_WEB_CAPACIDAD_ASUMIDA"
"a05gK00006FfEx7QAF","SITIO_WEB_CAPACIDAD_ASUMIDA"
"a05gK00006FfEx8QAF","SITIO_WEB_CAPACIDAD_ASUMIDA"
"a05gK00006FfEx9QAF","SITIO_WEB_CAPACIDAD_ASUMIDA"
"a05gK00006FfExAQAV","SITIO_WEB_CAPACIDAD_ASUMIDA"
"a05gK00006FfExBQAV","SITIO_WEB_CAPACIDAD_ASUMIDA"
"a05gK00006FfExCQAV","SITIO_WEB_CAPACIDAD_ASUMIDA"
"a05gK00006FfExDQAV","SITIO_WEB_CAPACIDAD_ASUMIDA"
"a05gK00006FfExEQAV","SITIO_WEB_CAPACIDAD_ASUMIDA"
"a05gK00006FfExFQAV","SITIO_WEB_CAPACIDAD_ASUMIDA"
"a05gK00006FfExGQAV","SITIO_WEB_CAPACIDAD_ASUMIDA"
"a05gK00006FfExHQAV","SITIO_WEB_CAPACIDAD_ASUMIDA"
"a05gK00006FfExIQAV","SITIO_WEB_CAPACIDAD_ASUMIDA"
"a05gK00006FfExJQAV","SITIO_WEB_CAPACIDAD_ASUMIDA"
"a05gK00006FfExKQAV","SITIO_WEB_CAPACIDAD_ASUMIDA"
"a05gK00006FfExLQAV","SITIO_WEB_CAPACIDAD_ASUMIDA"
"a05gK00006FfExMQAV","SITIO_WEB_CAPACIDAD_ASUMIDA"
"a05gK00006FfExNQAV","SITIO_WEB_CAPACIDAD_ASUMIDA"
"a05gK00006FfExOQAV","SITIO_WEB_CAPACIDAD_ASUMIDA"
"a05gK00006FfExPQAV","SITIO_WEB_CAPACIDAD_ASUMIDA"
"a05gK00006FfExQQAV","SITIO_WEB_CAPACIDAD_ASUMIDA"
"a05gK00006FfExRQAV","SITIO_WEB_CAPACIDAD_ASUMIDA"
"a05gK00006FfExSQAV","SITIO_WEB_CAPACIDAD_ASUMIDA"
"a05gK00006FfExTQAV","SITIO_WEB_CAPACIDAD_ASUMIDA"
"a05gK00006FfExUQAV","SITIO_WEB_CAPACIDAD_ASUMIDA"
"a05gK00006FfExVQAV","SITIO_WEB_CAPACIDAD_ASUMIDA"
"a05gK00006FfExWQAV","SITIO_WEB_CAPACIDAD_ASUMIDA"
"a05gK00006FfExXQAV","SITIO_WEB_CAPACIDAD_ASUMIDA"
"a05gK00006FfExYQAV","SITIO_WEB_CAPACIDAD_ASUMIDA"
"a05gK00006FfExZQAV","SITIO_WEB_CAPACIDAD_ASUMIDA"
"a05gK00006FfExaQAF","SITIO_WEB_CAPACIDAD_ASUMIDA"
"a05gK00006FfExbQAF","SITIO_WEB_CAPACIDAD_ASUMIDA"
"a05gK00006FfExcQAF","SITIO_WEB_CAPACIDAD_ASUMIDA"
"a05gK00006FfExdQAF","SITIO_WEB_CAPACIDAD_ASUMIDA"
"a05gK00006FfExeQAF","SITIO_WEB_CAPACIDAD_ASUMIDA"
"a05gK00006FfExfQAF","SITIO_WEB_CAPACIDAD_ASUMIDA"
"a05gK00006FfExgQAF","SITIO_WEB_CAPACIDAD_ASUMIDA"
"a05gK00006FfExhQAF","SITIO_WEB_CAPACIDAD_ASUMIDA"
"a05gK00006FfExiQAF","SITIO_WEB_CAPACIDAD_ASUMIDA"
"a05gK00006FfExjQAF","SITIO_WEB_CAPACIDAD_ASUMIDA"
"a05gK00006FfExkQAF","SITIO_WEB_CAPACIDAD_ASUMIDA"
"a05gK00006FfExlQAF","SITIO_WEB_CAPACIDAD_ASUMIDA"
"a05gK00006FfExmQAF","SITIO_WEB_CAPACIDAD_ASUMIDA"
"a05gK00006FfExnQAF","SITIO_WEB_CAPACIDAD_ASUMIDA"
"a05gK00006FfExoQAF","SITIO_WEB_CAPACIDAD_ASUMIDA"
"a05gK00006FfExpQAF","SITIO_WEB_CAPACIDAD_ASUMIDA"
"a05gK00006FfExqQAF","SITIO_WEB_CAPACIDAD_ASUMIDA"
"a05gK00006FfExrQAF","SITIO_WEB_CAPACIDAD_ASUMIDA"
"a05gK00006FfExsQAF","SITIO_WEB_CAPACIDAD_ASUMIDA"
"a05gK00006FfExtQAF","SITIO_WEB_CAPACIDAD_ASUMIDA"
"a05gK00006FfExuQAF","SITIO_WEB_CAPACIDAD_ASUMIDA"
"a05gK00006FfExvQAF","SITIO_WEB_CAPACIDAD_ASUMIDA"
"a05gK00006FfExwQAF","SITIO_WEB_CAPACIDAD_ASUMIDA"
"a05gK00006FfExxQAF","SITIO_WEB_CAPACIDAD_ASUMIDA"
"a05gK00006FfExyQAF","SITIO_WEB_CAPACIDAD_ASUMIDA"
"a05gK00006FfExzQAF","SITIO_WEB_CAPACIDAD_ASUMIDA"
"a05gK00006FfEy0QAF","SITIO_WEB_CAPACIDAD_ASUMIDA"
"a05gK00006FfEy1QAF","SITIO_WEB_CAPACIDAD_ASUMIDA"
"a05gK00006FfEy2QAF","SITIO_WEB_CAPACIDAD_ASUMIDA"
"a05gK00006FfEy3QAF","SITIO_WEB_CAPACIDAD_ASUMIDA"
"a05gK00006FfEy4QAF","SITIO_WEB_CAPACIDAD_ASUMIDA"
"a05gK00006FfEy5QAF","SITIO_WEB_CAPACIDAD_ASUMIDA"
"a05gK00006FfEy6QAF","SITIO_WEB_CAPACIDAD_ASUMIDA"
"a05gK00006FfEy7QAF","SITIO_WEB_CAPACIDAD_ASUMIDA"
"a05gK00006FfEy8QAF","SITIO_WEB_CAPACIDAD_ASUMIDA"
"a05gK00006FfEy9QAF","SITIO_WEB_CAPACIDAD_ASUMIDA"
"a05gK00006FfEyAQAV","SITIO_WEB_CAPACIDAD_ASUMIDA"
"a05gK00006FfEyBQAV","SITIO_WEB_CAPACIDAD_ASUMIDA"
"a05gK00006FfEyCQAV","SITIO_WEB_CAPACIDAD_ASUMIDA"
"a05gK00006FfEyDQAV","SITIO_WEB_CAPACIDAD_ASUMIDA"
"a05gK00006FfEyEQAV","SITIO_WEB_CAPACIDAD_ASUMIDA"
"a05gK00006FfEyFQAV","SITIO_WEB_CAPACIDAD_ASUMIDA"
"a05gK00006FfEyGQAV","SITIO_WEB_CAPACIDAD_ASUMIDA"
"a05gK00006FfEyHQAV","SITIO_WEB_CAPACIDAD_ASUMIDA"
"a05gK00006FfEyIQAV","SITIO_WEB_CAPACIDAD_ASUMIDA"
"a05gK00006FfEyJQAV","SITIO_WEB_CAPACIDAD_ASUMIDA"
"a05gK00006FfEyKQAV","SITIO_WEB_CAPACIDAD_ASUMIDA"
"a05gK00006FfEyLQAV","SITIO_WEB_CAPACIDAD_ASUMIDA"
"a05gK00006FfEyMQAV","SITIO_WEB_CAPACIDAD_ASUMIDA"
"a05gK00006FfEyNQAV","SITIO_WEB_CAPACIDAD_ASUMIDA"
"a05gK00006FfEyOQAV","SITIO_WEB_CAPACIDAD_ASUMIDA"
"a05gK00006FfEyPQAV","SITIO_WEB_CAPACIDAD_ASUMIDA"
"a05gK00006FfEyQQAV","SITIO_WEB_CAPACIDAD_ASUMIDA"
"a05gK00006FfEyRQAV","SITIO_WEB_CAPACIDAD_ASUMIDA"
"a05gK00006FfEySQAV","SITIO_WEB_CAPACIDAD_ASUMIDA"
"a05gK00006FfEyTQAV","SITIO_WEB_CAPACIDAD_ASUMIDA"
"a05gK00006FfEyUQAV","SITIO_WEB_CAPACIDAD_ASUMIDA"
"a05gK00006FfEyVQAV","SITIO_WEB_CAPACIDAD_ASUMIDA"
"a05gK00006FfEyWQAV","SITIO_WEB_CAPACIDAD_ASUMIDA"
"a05gK00006FfEyXQAV","SITIO_WEB_CAPACIDAD_ASUMIDA"
"a05gK00006FfEyYQAV","SITIO_WEB_CAPACIDAD_ASUMIDA"
"a05gK00006FfEyZQAV","SITIO_WEB_CAPACIDAD_ASUMIDA"
"a05gK00006FfEyaQAF","SITIO_WEB_CAPACIDAD_ASUMIDA"
"a05gK00006FfEybQAF","SITIO_WEB_CAPACIDAD_ASUMIDA"
"a05gK00006FfEycQAF","SITIO_WEB_CAPACIDAD_ASUMIDA"
"a05gK00006FfEydQAF","SITIO_WEB_CAPACIDAD_ASUMIDA"
"a05gK00006FfEyeQAF","SITIO_WEB_CAPACIDAD_ASUMIDA"
"a05gK00006FfEyfQAF","SITIO_WEB_CAPACIDAD_ASUMIDA"
"a05gK00006FfEygQAF","SITIO_WEB_CAPACIDAD_ASUMIDA"
"a05gK00006FfEyhQAF","SITIO_WEB_CAPACIDAD_ASUMIDA"
"a05gK00006FfEyiQAF","SITIO_WEB_CAPACIDAD_ASUMIDA"
"a05gK00006FfEyjQAF","SITIO_WEB_CAPACIDAD_ASUMIDA"
"a05gK00006FfEykQAF","SITIO_WEB_CAPACIDAD_ASUMIDA"
"a05gK00006FfEylQAF","SITIO_WEB_CAPACIDAD_ASUMIDA"
"a05gK00006FfEymQAF","SITIO_WEB_CAPACIDAD_ASUMIDA"
"a05gK00006FfEynQAF","SITIO_WEB_CAPACIDAD_ASUMIDA"
"a05gK00006FfEyoQAF","SITIO_WEB_CAPACIDAD_ASUMIDA"
"a05gK00006FfEypQAF","SITIO_WEB_CAPACIDAD_ASUMIDA"
"a05gK00006FfEyqQAF","SITIO_WEB_CAPACIDAD_ASUMIDA"
"a05gK00006FfEyrQAF","SITIO_WEB_CAPACIDAD_ASUMIDA"
"a05gK00006FfEysQAF","SITIO_WEB_CAPACIDAD_ASUMIDA"
"a05gK00006FfEytQAF","SITIO_WEB_CAPACIDAD_ASUMIDA"
"a05gK00006FfEyuQAF","SITIO_WEB_CAPACIDAD_ASUMIDA"
"a05gK00006FfEyvQAF","SITIO_WEB_CAPACIDAD_ASUMIDA"
"a05gK00006FfEywQAF","SITIO_WEB_CAPACIDAD_ASUMIDA"
"a05gK00006FfEyxQAF","SITIO_WEB_CAPACIDAD_ASUMIDA"
"a05gK00006FfEyyQAF","SITIO_WEB_CAPACIDAD_ASUMIDA"
"a05gK00006FfEyzQAF","SITIO_WEB_CAPACIDAD_ASUMIDA"
"a05gK00006FfEz0QAF","SITIO_WEB_CAPACIDAD_ASUMIDA"
"a05gK00006FfEz1QAF","SITIO_WEB_CAPACIDAD_ASUMIDA"
"a05gK00006FfEz2QAF","SITIO_WEB_CAPACIDAD_ASUMIDA"
"a05gK00006FfEz3QAF","SITIO_WEB_CAPACIDAD_ASUMIDA"
"a05gK00006FfEz4QAF","SITIO_WEB_CAPACIDAD_ASUMIDA"
"a05gK00006FfEz5QAF","SITIO_WEB_CAPACIDAD_ASUMIDA"
"a05gK00006FfEz6QAF","SITIO_WEB_CAPACIDAD_ASUMIDA"
"a05gK00006FfEz7QAF","SITIO_WEB_CAPACIDAD_ASUMIDA"
"a05gK00006FfEz8QAF","SITIO_WEB_CAPACIDAD_ASUMIDA"
"a05gK00006FfEz9QAF","SITIO_WEB_CAPACIDAD_ASUMIDA"
"a05gK00006FfEzAQAV","SITIO_WEB_CAPACIDAD_ASUMIDA"
"a05gK00006FfEzBQAV","SITIO_WEB_CAPACIDAD_ASUMIDA"
"a05gK00006FfEzCQAV","SITIO_WEB_CAPACIDAD_ASUMIDA"
"a05gK00006FfEzDQAV","SITIO_WEB_CAPACIDAD_ASUMIDA"
"a05gK00006FfEzEQAV","SITIO_WEB_CAPACIDAD_ASUMIDA"
"a05gK00006FfEzFQAV","SITIO_WEB_CAPACIDAD_ASUMIDA"
"a05gK00006FfEzGQAV","SITIO_WEB_CAPACIDAD_ASUMIDA"
"a05gK00006FfEzHQAV","SITIO_WEB_CAPACIDAD_ASUMIDA"
"a05gK00006FfEzIQAV","SITIO_WEB_CAPACIDAD_ASUMIDA"
"a05gK00006FfEzJQAV","SITIO_WEB_CAPACIDAD_ASUMIDA"
"a05gK00006FfEzKQAV","SITIO_WEB_CAPACIDAD_ASUMIDA"
"a05gK00006FfEzLQAV","SITIO_WEB_CAPACIDAD_ASUMIDA"
"a05gK00006FfEzMQAV","SITIO_WEB_CAPACIDAD_ASUMIDA"
"a05gK00006FfF0zQAF","SITIO_WEB_CAPACIDAD_ASUMIDA"
"a05gK00006FfF10QAF","SITIO_WEB_CAPACIDAD_ASUMIDA"
"a05gK00006FfF11QAF","SITIO_WEB_CAPACIDAD_ASUMIDA"
"a05gK00006FfF12QAF","SITIO_WEB_CAPACIDAD_ASUMIDA"
"a05gK00006FfF13QAF","SITIO_WEB_CAPACIDAD_ASUMIDA"
"a05gK00006FfF14QAF","SITIO_WEB_CAPACIDAD_ASUMIDA"
"a05gK00006FfF15QAF","SITIO_WEB_CAPACIDAD_ASUMIDA"
"a05gK00006FfF16QAF","SITIO_WEB_CAPACIDAD_ASUMIDA"
"a05gK00006FfF17QAF","SITIO_WEB_CAPACIDAD_ASUMIDA"
"a05gK00006FfF18QAF","SITIO_WEB_CAPACIDAD_ASUMIDA"
"a05gK00006FfF19QAF","SITIO_WEB_CAPACIDAD_ASUMIDA"
"a05gK00006FfF1AQAV","SITIO_WEB_CAPACIDAD_ASUMIDA"
"a05gK00006FfF1BQAV","SITIO_WEB_CAPACIDAD_ASUMIDA"
"a05gK00006FfF1CQAV","SITIO_WEB_CAPACIDAD_ASUMIDA"
"a05gK00006FfF1DQAV","SITIO_WEB_CAPACIDAD_ASUMIDA"
"a05gK00006FfF1EQAV","SITIO_WEB_CAPACIDAD_ASUMIDA"
"a05gK00006FfF1FQAV","SITIO_WEB_CAPACIDAD_ASUMIDA"
"a05gK00006FfF1GQAV","SITIO_WEB_CAPACIDAD_ASUMIDA"
"a05gK00006FfF1HQAV","SITIO_WEB_CAPACIDAD_ASUMIDA"
"a05gK00006FfF1IQAV","SITIO_WEB_CAPACIDAD_ASUMIDA"
"a05gK00006FfF1JQAV","SITIO_WEB_CAPACIDAD_ASUMIDA"
"a05gK00006FfF1KQAV","SITIO_WEB_CAPACIDAD_ASUMIDA"
"a05gK00006FfF1LQAV","SITIO_WEB_CAPACIDAD_ASUMIDA"
"a05gK00006FfF1MQAV","SITIO_WEB_CAPACIDAD_ASUMIDA"
"a05gK00006FfF1NQAV","SITIO_WEB_CAPACIDAD_ASUMIDA"
"a05gK00006FfF1OQAV","SITIO_WEB_CAPACIDAD_ASUMIDA"
"a05gK00006FfF1PQAV","SITIO_WEB_CAPACIDAD_ASUMIDA"
"a05gK00006FfF1QQAV","SITIO_WEB_CAPACIDAD_ASUMIDA"
"a05gK00006FfF1RQAV","SITIO_WEB_CAPACIDAD_ASUMIDA"
"a05gK00006FfF1SQAV","SITIO_WEB_CAPACIDAD_ASUMIDA"
"a05gK00006FfF1TQAV","SITIO_WEB_CAPACIDAD_ASUMIDA"
"a05gK00006FfF1UQAV","SITIO_WEB_CAPACIDAD_ASUMIDA"
"a05gK00006FfF1VQAV","SITIO_WEB_CAPACIDAD_ASUMIDA"
"a05gK00006FfF1WQAV","SITIO_WEB_CAPACIDAD_ASUMIDA"
"a05gK00006FfF1XQAV","SITIO_WEB_CAPACIDAD_ASUMIDA"
"a05gK00006FfF1YQAV","SITIO_WEB_CAPACIDAD_ASUMIDA"
"a05gK00006FfF1ZQAV","SITIO_WEB_CAPACIDAD_ASUMIDA"
"a05gK00006FfF1aQAF","SITIO_WEB_CAPACIDAD_ASUMIDA"
"a05gK00006FfF1bQAF","SITIO_WEB_CAPACIDAD_ASUMIDA"
"a05gK00006FfF1cQAF","SITIO_WEB_CAPACIDAD_ASUMIDA"
"a05gK00006FfF1dQAF","SITIO_WEB_CAPACIDAD_ASUMIDA"
"a05gK00006FfF1eQAF","SITIO_WEB_CAPACIDAD_ASUMIDA"
"a05gK00006FfF1fQAF","SITIO_WEB_CAPACIDAD_ASUMIDA"
"a05gK00006FfF1gQAF","SITIO_WEB_CAPACIDAD_ASUMIDA"
"a05gK00006FfF1hQAF","SITIO_WEB_CAPACIDAD_ASUMIDA"
"a05gK00006FfF1iQAF","SITIO_WEB_CAPACIDAD_ASUMIDA"
"a05gK00006FfF1jQAF","SITIO_WEB_CAPACIDAD_ASUMIDA"
"a05gK00006FfF1kQAF","SITIO_WEB_CAPACIDAD_ASUMIDA"
"a05gK00006FfF1lQAF","SITIO_WEB_CAPACIDAD_ASUMIDA"
"a05gK00006FfF1mQAF","SITIO_WEB_CAPACIDAD_ASUMIDA"
"a05gK00006FfF1nQAF","SITIO_WEB_CAPACIDAD_ASUMIDA"
"a05gK00006FfF1oQAF","SITIO_WEB_CAPACIDAD_ASUMIDA"
"a05gK00006FfF1pQAF","SITIO_WEB_CAPACIDAD_ASUMIDA"
"a05gK00006FfF1qQAF","SITIO_WEB_CAPACIDAD_ASUMIDA"
"a05gK00006FfF1rQAF","SITIO_WEB_CAPACIDAD_ASUMIDA"
"a05gK00006FfF1sQAF","SITIO_WEB_CAPACIDAD_ASUMIDA"
"a05gK00006FfF1tQAF","SITIO_WEB_CAPACIDAD_ASUMIDA"
"a05gK00006FfF1uQAF","SITIO_WEB_CAPACIDAD_ASUMIDA"
"a05gK00006FfF1vQAF","SITIO_WEB_CAPACIDAD_ASUMIDA"
"a05gK00006FfF1wQAF","SITIO_WEB_CAPACIDAD_ASUMIDA"
"a05gK00006FfF1xQAF","SITIO_WEB_CAPACIDAD_ASUMIDA"
"a05gK00006FfF1yQAF","SITIO_WEB_CAPACIDAD_ASUMIDA"
"a05gK00006FfF1zQAF","SITIO_WEB_CAPACIDAD_ASUMIDA"
"a05gK00006FfF20QAF","SITIO_WEB_CAPACIDAD_ASUMIDA"
"a05gK00006FfF21QAF","SITIO_WEB_CAPACIDAD_ASUMIDA"
"a05gK00006FfF22QAF","SITIO_WEB_CAPACIDAD_ASUMIDA"
"a05gK00006FfF23QAF","SITIO_WEB_CAPACIDAD_ASUMIDA"
"a05gK00006FfF24QAF","SITIO_WEB_CAPACIDAD_ASUMIDA"
"a05gK00006FfF25QAF","SITIO_WEB_CAPACIDAD_ASUMIDA"
"a05gK00006FfF26QAF","SITIO_WEB_CAPACIDAD_ASUMIDA"
"a05gK00006FfF27QAF","SITIO_WEB_CAPACIDAD_ASUMIDA"
"a05gK00006FfF28QAF","SITIO_WEB_CAPACIDAD_ASUMIDA"
"a05gK00006FfF29QAF","SITIO_WEB_CAPACIDAD_ASUMIDA"
"a05gK00006FfF2AQAV","SITIO_WEB_CAPACIDAD_ASUMIDA"
"a05gK00006FfF2BQAV","SITIO_WEB_CAPACIDAD_ASUMIDA"
"a05gK00006FfF2CQAV","SITIO_WEB_CAPACIDAD_ASUMIDA"
"a05gK00006FfF2DQAV","SITIO_WEB_CAPACIDAD_ASUMIDA"
"a05gK00006FfF2EQAV","SITIO_WEB_CAPACIDAD_ASUMIDA"
"a05gK00006FfF2FQAV","SITIO_WEB_CAPACIDAD_ASUMIDA"
"a05gK00006FfF2GQAV","SITIO_WEB_CAPACIDAD_ASUMIDA"
"a05gK00006FfF2HQAV","SITIO_WEB_CAPACIDAD_ASUMIDA"
"a05gK00006FfF2IQAV","SITIO_WEB_CAPACIDAD_ASUMIDA"
"a05gK00006FfF2JQAV","SITIO_WEB_CAPACIDAD_ASUMIDA"
"a05gK00006FfF2KQAV","SITIO_WEB_CAPACIDAD_ASUMIDA"
"a05gK00006FfF2LQAV","SITIO_WEB_CAPACIDAD_ASUMIDA"
"a05gK00006FfF2MQAV","SITIO_WEB_CAPACIDAD_ASUMIDA"
"a05gK00006FfF2NQAV","SITIO_WEB_CAPACIDAD_ASUMIDA"
"a05gK00006FfF2OQAV","SITIO_WEB_CAPACIDAD_ASUMIDA"
"a05gK00006FfF2PQAV","SITIO_WEB_CAPACIDAD_ASUMIDA"
"a05gK00006FfF2QQAV","SITIO_WEB_CAPACIDAD_ASUMIDA"
"a05gK00006FfF2RQAV","SITIO_WEB_CAPACIDAD_ASUMIDA"
"a05gK00006FfF2SQAV","SITIO_WEB_CAPACIDAD_ASUMIDA"
"a05gK00006FfF2TQAV","SITIO_WEB_CAPACIDAD_ASUMIDA"
"a05gK00006FfF2UQAV","SITIO_WEB_CAPACIDAD_ASUMIDA"
"a05gK00006FfF2VQAV","SITIO_WEB_CAPACIDAD_ASUMIDA"
"a05gK00006FfF2WQAV","SITIO_WEB_CAPACIDAD_ASUMIDA"
"a05gK00006FfF2XQAV","SITIO_WEB_CAPACIDAD_ASUMIDA"
"a05gK00006FfF2YQAV","SITIO_WEB_CAPACIDAD_ASUMIDA"
"a05gK00006FfF2ZQAV","SITIO_WEB_CAPACIDAD_ASUMIDA"
"a05gK00006FfF2aQAF","SITIO_WEB_CAPACIDAD_ASUMIDA"
"a05gK00006FfF2bQAF","SITIO_WEB_CAPACIDAD_ASUMIDA"
"a05gK00006FfF2cQAF","SITIO_WEB_CAPACIDAD_ASUMIDA"
"a05gK00006FfF2dQAF","SITIO_WEB_CAPACIDAD_ASUMIDA"
"a05gK00006FfF2eQAF","SITIO_WEB_CAPACIDAD_ASUMIDA"
"a05gK00006FfF2fQAF","SITIO_WEB_CAPACIDAD_ASUMIDA"
"a05gK00006FfF2gQAF","SITIO_WEB_CAPACIDAD_ASUMIDA"
"a05gK00006FfF2hQAF","SITIO_WEB_CAPACIDAD_ASUMIDA"
"a05gK00006FfF2iQAF","SITIO_WEB_CAPACIDAD_ASUMIDA"
"a05gK00006FfF2jQAF","SITIO_WEB_CAPACIDAD_ASUMIDA"
"a05gK00006FfF2kQAF","SITIO_WEB_CAPACIDAD_ASUMIDA"
"a05gK00006FfF2lQAF","SITIO_WEB_CAPACIDAD_ASUMIDA"
"a05gK00006FfF2mQAF","SITIO_WEB_CAPACIDAD_ASUMIDA"
"a05gK00006FfF2nQAF","SITIO_WEB_CAPACIDAD_ASUMIDA"
"a05gK00006FfF2oQAF","SITIO_WEB_CAPACIDAD_ASUMIDA"
"a05gK00006FfF2pQAF","SITIO_WEB_CAPACIDAD_ASUMIDA"
"a05gK00006FfF2qQAF","SITIO_WEB_CAPACIDAD_ASUMIDA"
"a05gK00006FfF2rQAF","SITIO_WEB_CAPACIDAD_ASUMIDA"
"a05gK00006FfF2sQAF","SITIO_WEB_CAPACIDAD_ASUMIDA"
"a05gK00006FfF2tQAF","SITIO_WEB_CAPACIDAD_ASUMIDA"
"a05gK00006FfF2uQAF","SITIO_WEB_CAPACIDAD_ASUMIDA"
"a05gK00006FfF2vQAF","SITIO_WEB_CAPACIDAD_ASUMIDA"
"a05gK00006FfF2wQAF","SITIO_WEB_CAPACIDAD_ASUMIDA"
"a05gK00006FfF2xQAF","SITIO_WEB_CAPACIDAD_ASUMIDA"
"a05gK00006FfF2yQAF","SITIO_WEB_CAPACIDAD_ASUMIDA"
"a05gK00006FfF2zQAF","SITIO_WEB_CAPACIDAD_ASUMIDA"
"a05gK00006FfF30QAF","SITIO_WEB_CAPACIDAD_ASUMIDA"
"a05gK00006FfF31QAF","SITIO_WEB_CAPACIDAD_ASUMIDA"
"a05gK00006FfF32QAF","SITIO_WEB_CAPACIDAD_ASUMIDA"
"a05gK00006FfF33QAF","SITIO_WEB_CAPACIDAD_ASUMIDA"
"a05gK00006FfF34QAF","SITIO_WEB_CAPACIDAD_ASUMIDA"
"a05gK00006FfF35QAF","SITIO_WEB_CAPACIDAD_ASUMIDA"
"a05gK00006FfF36QAF","SITIO_WEB_CAPACIDAD_ASUMIDA"
"a05gK00006FfF37QAF","SITIO_WEB_CAPACIDAD_ASUMIDA"
"a05gK00006FfF38QAF","SITIO_WEB_CAPACIDAD_ASUMIDA"
"a05gK00006FfF39QAF","SITIO_WEB_CAPACIDAD_ASUMIDA"
"a05gK00006FfF3AQAV","SITIO_WEB_CAPACIDAD_ASUMIDA"
"a05gK00006FfF3BQAV","SITIO_WEB_CAPACIDAD_ASUMIDA"
"a05gK00006FfF3CQAV","SITIO_WEB_CAPACIDAD_ASUMIDA"
"a05gK00006FfF3DQAV","SITIO_WEB_CAPACIDAD_ASUMIDA"
"a05gK00006FfF3EQAV","SITIO_WEB_CAPACIDAD_ASUMIDA"
"a05gK00006FfF3FQAV","SITIO_WEB_CAPACIDAD_ASUMIDA"
"a05gK00006FfF3GQAV","SITIO_WEB_CAPACIDAD_ASUMIDA"
"a05gK00006FfF3HQAV","SITIO_WEB_CAPACIDAD_ASUMIDA"
"a05gK00006FfF3IQAV","SITIO_WEB_CAPACIDAD_ASUMIDA"
"a05gK00006FfF3JQAV","SITIO_WEB_CAPACIDAD_ASUMIDA"
"a05gK00006FfF3KQAV","SITIO_WEB_CAPACIDAD_ASUMIDA"
"a05gK00006FfF3LQAV","SITIO_WEB_CAPACIDAD_ASUMIDA"
"a05gK00006FfF3MQAV","SITIO_WEB_CAPACIDAD_ASUMIDA"
"a05gK00006FfF3NQAV","SITIO_WEB_CAPACIDAD_ASUMIDA"
"a05gK00006FfF3OQAV","SITIO_WEB_CAPACIDAD_ASUMIDA"
"a05gK00006FfF3PQAV","SITIO_WEB_CAPACIDAD_ASUMIDA"
"a05gK00006FfF3QQAV","SITIO_WEB_CAPACIDAD_ASUMIDA"
"a05gK00006FfF3RQAV","SITIO_WEB_CAPACIDAD_ASUMIDA"
"a05gK00006FfF3SQAV","SITIO_WEB_CAPACIDAD_ASUMIDA"
"a05gK00006FfF3TQAV","SITIO_WEB_CAPACIDAD_ASUMIDA"
"a05gK00006FfF3UQAV","SITIO_WEB_CAPACIDAD_ASUMIDA"
"a05gK00006FfF3VQAV","SITIO_WEB_CAPACIDAD_ASUMIDA"
"a05gK00006FfF3WQAV","SITIO_WEB_CAPACIDAD_ASUMIDA"
"a05gK00006FfF3XQAV","SITIO_WEB_CAPACIDAD_ASUMIDA"
"a05gK00006FfF3YQAV","SITIO_WEB_CAPACIDAD_ASUMIDA"
"a05gK00006FfF3ZQAV","SITIO_WEB_CAPACIDAD_ASUMIDA"
"a05gK00006FfF3aQAF","SITIO_WEB_CAPACIDAD_ASUMIDA"
"a05gK00006FfF3bQAF","SITIO_WEB_CAPACIDAD_ASUMIDA"
"a05gK00006FfF3cQAF","SITIO_WEB_CAPACIDAD_ASUMIDA"
"a05gK00006FfF3dQAF","SITIO_WEB_CAPACIDAD_ASUMIDA"
"a05gK00006FfF3eQAF","SITIO_WEB_CAPACIDAD_ASUMIDA"
"a05gK00006FfF3fQAF","SITIO_WEB_CAPACIDAD_ASUMIDA"
"a05gK00006FfF3gQAF","SITIO_WEB_CAPACIDAD_ASUMIDA"
"a05gK00006FfF3hQAF","SITIO_WEB_CAPACIDAD_ASUMIDA"
"a05gK00006FfF3iQAF","SITIO_WEB_CAPACIDAD_ASUMIDA"
"a05gK00006FfF3jQAF","SITIO_WEB_CAPACIDAD_ASUMIDA"
"a05gK00006FfF3kQAF","SITIO_WEB_CAPACIDAD_ASUMIDA"
"a05gK00006FfF3lQAF","SITIO_WEB_CAPACIDAD_ASUMIDA"
"a05gK00006FfF3mQAF","SITIO_WEB_CAPACIDAD_ASUMIDA"
"a05gK00006FfF3nQAF","SITIO_WEB_CAPACIDAD_ASUMIDA"
"a05gK00006FfF3oQAF","SITIO_WEB_CAPACIDAD_ASUMIDA"
"a05gK00006FfF3pQAF","SITIO_WEB_CAPACIDAD_ASUMIDA"
"a05gK00006FfF3qQAF","SITIO_WEB_CAPACIDAD_ASUMIDA"
"a05gK00006FfF3rQAF","SITIO_WEB_CAPACIDAD_ASUMIDA"
"a05gK00006FfF3sQAF","SITIO_WEB_CAPACIDAD_ASUMIDA"
"a05gK00006FfF3tQAF","SITIO_WEB_CAPACIDAD_ASUMIDA"
"a05gK00006FfF3uQAF","SITIO_WEB_CAPACIDAD_ASUMIDA"
"a05gK00006FfF3vQAF","SITIO_WEB_CAPACIDAD_ASUMIDA"
"a05gK00006FfF3wQAF","SITIO_WEB_CAPACIDAD_ASUMIDA"
"a05gK00006FfF3xQAF","SITIO_WEB_CAPACIDAD_ASUMIDA"
"a05gK00006FfF3yQAF","SITIO_WEB_CAPACIDAD_ASUMIDA"
"a05gK00006FfF3zQAF","SITIO_WEB_CAPACIDAD_ASUMIDA"
"a05gK00006FfF40QAF","SITIO_WEB_CAPACIDAD_ASUMIDA"
"a05gK00006FfF41QAF","SITIO_WEB_CAPACIDAD_ASUMIDA"
"a05gK00006FfF42QAF","SITIO_WEB_CAPACIDAD_ASUMIDA"
"a05gK00006FfF43QAF","SITIO_WEB_CAPACIDAD_ASUMIDA"
"a05gK00006FfF44QAF","SITIO_WEB_CAPACIDAD_ASUMIDA"
"a05gK00006FfF45QAF","SITIO_WEB_CAPACIDAD_ASUMIDA"
"a05gK00006FfF46QAF","SITIO_WEB_CAPACIDAD_ASUMIDA"
"a05gK00006FfF47QAF","SITIO_WEB_CAPACIDAD_ASUMIDA"
"a05gK00006FfF48QAF","SITIO_WEB_CAPACIDAD_ASUMIDA"
"a05gK00006FfF49QAF","SITIO_WEB_CAPACIDAD_ASUMIDA"
"a05gK00006FfF4AQAV","SITIO_WEB_CAPACIDAD_ASUMIDA"
"a05gK00006FfF4BQAV","SITIO_WEB_CAPACIDAD_ASUMIDA"
"a05gK00006FfF4CQAV","SITIO_WEB_CAPACIDAD_ASUMIDA"
"a05gK00006FfF4DQAV","SITIO_WEB_CAPACIDAD_ASUMIDA"
"a05gK00006FfF4EQAV","SITIO_WEB_CAPACIDAD_ASUMIDA"
"a05gK00006FfF4FQAV","SITIO_WEB_CAPACIDAD_ASUMIDA"
"a05gK00006FfF4GQAV","SITIO_WEB_CAPACIDAD_ASUMIDA"
"a05gK00006FfF4HQAV","SITIO_WEB_CAPACIDAD_ASUMIDA"
"a05gK00006FfF4IQAV","SITIO_WEB_CAPACIDAD_ASUMIDA"
"a05gK00006FfF4JQAV","SITIO_WEB_CAPACIDAD_ASUMIDA"
"a05gK00006FfF4KQAV","SITIO_WEB_CAPACIDAD_ASUMIDA"
"a05gK00006FfF4LQAV","SITIO_WEB_CAPACIDAD_ASUMIDA"
"a05gK00006FfF4MQAV","SITIO_WEB_CAPACIDAD_ASUMIDA"
"a05gK00006FfF4NQAV","SITIO_WEB_CAPACIDAD_ASUMIDA"
"a05gK00006FfF4OQAV","SITIO_WEB_CAPACIDAD_ASUMIDA"
"a05gK00006FfF4PQAV","SITIO_WEB_CAPACIDAD_ASUMIDA"
"a05gK00006FfF4QQAV","SITIO_WEB_CAPACIDAD_ASUMIDA"
"a05gK00006FfF4RQAV","SITIO_WEB_CAPACIDAD_ASUMIDA"
"a05gK00006FfF4SQAV","SITIO_WEB_CAPACIDAD_ASUMIDA"
"a05gK00006FfF4TQAV","SITIO_WEB_CAPACIDAD_ASUMIDA"
"a05gK00006FfF4UQAV","SITIO_WEB_CAPACIDAD_ASUMIDA"
"a05gK00006FfF4VQAV","SITIO_WEB_CAPACIDAD_ASUMIDA"
"a05gK00006FfF4WQAV","SITIO_WEB_CAPACIDAD_ASUMIDA"
"a05gK00006FfF4XQAV","SITIO_WEB_CAPACIDAD_ASUMIDA"
"a05gK00006FfF4YQAV","SITIO_WEB_CAPACIDAD_ASUMIDA"
"a05gK00006FfF4ZQAV","SITIO_WEB_CAPACIDAD_ASUMIDA"
"a05gK00006FfF4aQAF","SITIO_WEB_CAPACIDAD_ASUMIDA"
"a05gK00006FfF4bQAF","SITIO_WEB_CAPACIDAD_ASUMIDA"
"a05gK00006FfF4cQAF","SITIO_WEB_CAPACIDAD_ASUMIDA"
"a05gK00006FfF4dQAF","SITIO_WEB_CAPACIDAD_ASUMIDA"
"a05gK00006FfF4eQAF","SITIO_WEB_CAPACIDAD_ASUMIDA"
"a05gK00006FfF4fQAF","SITIO_WEB_CAPACIDAD_ASUMIDA"
"a05gK00006FfF4gQAF","SITIO_WEB_CAPACIDAD_ASUMIDA"
"a05gK00006FfF4hQAF","SITIO_WEB_CAPACIDAD_ASUMIDA"
"a05gK00006FfF4iQAF","SITIO_WEB_CAPACIDAD_ASUMIDA"
"a05gK00006FfF4jQAF","SITIO_WEB_CAPACIDAD_ASUMIDA"
"a05gK00006FfF4kQAF","SITIO_WEB_CAPACIDAD_ASUMIDA"
"a05gK00006FfF4lQAF","SITIO_WEB_CAPACIDAD_ASUMIDA"
"a05gK00006FfF4mQAF","SITIO_WEB_CAPACIDAD_ASUMIDA"
"a05gK00006FfF4nQAF","SITIO_WEB_CAPACIDAD_ASUMIDA"
"a05gK00006FfF4oQAF","SITIO_WEB_CAPACIDAD_ASUMIDA"
"a05gK00006FfF4pQAF","SITIO_WEB_CAPACIDAD_ASUMIDA"
"a05gK00006FfF4qQAF","SITIO_WEB_CAPACIDAD_ASUMIDA"
"a05gK00006FfF4rQAF","SITIO_WEB_CAPACIDAD_ASUMIDA"
"a05gK00006FfF4sQAF","SITIO_WEB_CAPACIDAD_ASUMIDA"
"a05gK00006FfF4tQAF","SITIO_WEB_CAPACIDAD_ASUMIDA"
"a05gK00006FfF4uQAF","SITIO_WEB_CAPACIDAD_ASUMIDA"
"a05gK00006FfF4vQAF","SITIO_WEB_CAPACIDAD_ASUMIDA"
"a05gK00006FfF4wQAF","SITIO_WEB_CAPACIDAD_ASUMIDA"
"a05gK00006FfF4xQAF","SITIO_WEB_CAPACIDAD_ASUMIDA"
"a05gK00006FfF4yQAF","SITIO_WEB_CAPACIDAD_ASUMIDA"
"a05gK00006FfF4zQAF","SITIO_WEB_CAPACIDAD_ASUMIDA"
"a05gK00006FfF50QAF","SITIO_WEB_CAPACIDAD_ASUMIDA"
"a05gK00006FfF51QAF","SITIO_WEB_CAPACIDAD_ASUMIDA"
"a05gK00006FfF52QAF","SITIO_WEB_CAPACIDAD_ASUMIDA"
"a05gK00006FfF53QAF","SITIO_WEB_CAPACIDAD_ASUMIDA"
"a05gK00006FfF54QAF","SITIO_WEB_CAPACIDAD_ASUMIDA"
"a05gK00006FfF55QAF","SITIO_WEB_CAPACIDAD_ASUMIDA"
"a05gK00006FfF56QAF","SITIO_WEB_CAPACIDAD_ASUMIDA"
"a05gK00006FfF57QAF","SITIO_WEB_CAPACIDAD_ASUMIDA"
"a05gK00006FfF58QAF","SITIO_WEB_CAPACIDAD_ASUMIDA"
"a05gK00006FfF59QAF","SITIO_WEB_CAPACIDAD_ASUMIDA"
"a05gK00006FfF5AQAV","SITIO_WEB_CAPACIDAD_ASUMIDA"
"a05gK00006FfF5BQAV","SITIO_WEB_CAPACIDAD_ASUMIDA"
"a05gK00006FfF5CQAV","SITIO_WEB_CAPACIDAD_ASUMIDA"
"a05gK00006FfF5DQAV","SITIO_WEB_CAPACIDAD_ASUMIDA"
"a05gK00006FfF5EQAV","SITIO_WEB_CAPACIDAD_ASUMIDA"
"a05gK00006FfF5FQAV","SITIO_WEB_CAPACIDAD_ASUMIDA"
"a05gK00006FfF5GQAV","SITIO_WEB_CAPACIDAD_ASUMIDA"
"a05gK00006FfF5HQAV","SITIO_WEB_CAPACIDAD_ASUMIDA"
"a05gK00006FfF5IQAV","SITIO_WEB_CAPACIDAD_ASUMIDA"
"a05gK00006FfF5JQAV","SITIO_WEB_CAPACIDAD_ASUMIDA"
"a05gK00006FfF5KQAV","SITIO_WEB_CAPACIDAD_ASUMIDA"
"a05gK00006FfF5LQAV","SITIO_WEB_CAPACIDAD_ASUMIDA"
"a05gK00006FfF5MQAV","SITIO_WEB_CAPACIDAD_ASUMIDA"
"a05gK00006FfF5NQAV","SITIO_WEB_CAPACIDAD_ASUMIDA"
"a05gK00006FfF5OQAV","SITIO_WEB_CAPACIDAD_ASUMIDA"
"a05gK00006FfF5PQAV","SITIO_WEB_CAPACIDAD_ASUMIDA"
"a05gK00006FfF5QQAV","SITIO_WEB_CAPACIDAD_ASUMIDA"
"a05gK00006FfF5RQAV","SITIO_WEB_CAPACIDAD_ASUMIDA"
"a05gK00006FfF5SQAV","SITIO_WEB_CAPACIDAD_ASUMIDA"
"a05gK00006FfF5TQAV","SITIO_WEB_CAPACIDAD_ASUMIDA"
"a05gK00006FfF5UQAV","SITIO_WEB_CAPACIDAD_ASUMIDA"
"a05gK00006FfF5VQAV","SITIO_WEB_CAPACIDAD_ASUMIDA"
"a05gK00006FfF5WQAV","SITIO_WEB_CAPACIDAD_ASUMIDA"
"a05gK00006FfF5XQAV","SITIO_WEB_CAPACIDAD_ASUMIDA"
"a05gK00006FfF5YQAV","SITIO_WEB_CAPACIDAD_ASUMIDA"
"a05gK00006FfF5ZQAV","SITIO_WEB_CAPACIDAD_ASUMIDA"
"a05gK00006FfF5aQAF","SITIO_WEB_CAPACIDAD_ASUMIDA"
"a05gK00006FfF5bQAF","SITIO_WEB_CAPACIDAD_ASUMIDA"
"a05gK00006FfF5cQAF","SITIO_WEB_CAPACIDAD_ASUMIDA"
"a05gK00006FfF5dQAF","SITIO_WEB_CAPACIDAD_ASUMIDA"
"a05gK00006FfF5eQAF","SITIO_WEB_CAPACIDAD_ASUMIDA"
"a05gK00006FfF5fQAF","SITIO_WEB_CAPACIDAD_ASUMIDA"
"a05gK00006FfF5gQAF","SITIO_WEB_CAPACIDAD_ASUMIDA"
"a05gK00006FfF5hQAF","SITIO_WEB_CAPACIDAD_ASUMIDA"
"a05gK00006FfF5iQAF","SITIO_WEB_CAPACIDAD_ASUMIDA"
"a05gK00006FfF5jQAF","SITIO_WEB_CAPACIDAD_ASUMIDA"
"a05gK00006FfF5kQAF","SITIO_WEB_CAPACIDAD_ASUMIDA"
"a05gK00006FfF5lQAF","SITIO_WEB_CAPACIDAD_ASUMIDA"
"a05gK00006FfF5mQAF","SITIO_WEB_CAPACIDAD_ASUMIDA"
"a05gK00006FfF5nQAF","SITIO_WEB_CAPACIDAD_ASUMIDA"
"a05gK00006FfF5oQAF","SITIO_WEB_CAPACIDAD_ASUMIDA"
"a05gK00006FfF5pQAF","SITIO_WEB_CAPACIDAD_ASUMIDA"
"a05gK00006FfF5qQAF","SITIO_WEB_CAPACIDAD_ASUMIDA"
"a05gK00006FfF5rQAF","SITIO_WEB_CAPACIDAD_ASUMIDA"
"a05gK00006FfF5sQAF","SITIO_WEB_CAPACIDAD_ASUMIDA"
"a05gK00006FfF5tQAF","SITIO_WEB_CAPACIDAD_ASUMIDA"
"a05gK00006FfF5uQAF","SITIO_WEB_CAPACIDAD_ASUMIDA"
"a05gK00006FfF5vQAF","SITIO_WEB_CAPACIDAD_ASUMIDA"
"a05gK00006FfF5wQAF","SITIO_WEB_CAPACIDAD_ASUMIDA"
"a05gK00006FfF5xQAF","SITIO_WEB_CAPACIDAD_ASUMIDA"
"a05gK00006FfF5yQAF","SITIO_WEB_CAPACIDAD_ASUMIDA"
"a05gK00006FfF5zQAF","SITIO_WEB_CAPACIDAD_ASUMIDA"
"a05gK00006FfF60QAF","SITIO_WEB_CAPACIDAD_ASUMIDA"
"a05gK00006FfF61QAF","SITIO_WEB_CAPACIDAD_ASUMIDA"
"a05gK00006FfF62QAF","SITIO_WEB_CAPACIDAD_ASUMIDA"
"a05gK00006FfF63QAF","SITIO_WEB_CAPACIDAD_ASUMIDA"
"a05gK00006FfF64QAF","SITIO_WEB_CAPACIDAD_ASUMIDA"
"a05gK00006FfF65QAF","SITIO_WEB_CAPACIDAD_ASUMIDA"
"a05gK00006FfF66QAF","SITIO_WEB_CAPACIDAD_ASUMIDA"
"a05gK00006FfF67QAF","SITIO_WEB_CAPACIDAD_ASUMIDA"
"a05gK00006FfF68QAF","SITIO_WEB_CAPACIDAD_ASUMIDA"
"a05gK00006FfF69QAF","SITIO_WEB_CAPACIDAD_ASUMIDA"
"a05gK00006FfF6AQAV","SITIO_WEB_CAPACIDAD_ASUMIDA"
"a05gK00006FfF6BQAV","SITIO_WEB_CAPACIDAD_ASUMIDA"
"a05gK00006FfF6CQAV","SITIO_WEB_CAPACIDAD_ASUMIDA"
"a05gK00006FfF6DQAV","SITIO_WEB_CAPACIDAD_ASUMIDA"
"a05gK00006FfF6EQAV","SITIO_WEB_CAPACIDAD_ASUMIDA"
"a05gK00006FfF6FQAV","SITIO_WEB_CAPACIDAD_ASUMIDA"
"a05gK00006FfF6GQAV","SITIO_WEB_CAPACIDAD_ASUMIDA"
"a05gK00006FfF6HQAV","SITIO_WEB_CAPACIDAD_ASUMIDA"
"a05gK00006FfF6IQAV","SITIO_WEB_CAPACIDAD_ASUMIDA"
"a05gK00006FfF6JQAV","SITIO_WEB_CAPACIDAD_ASUMIDA"
"a05gK00006FfF6KQAV","SITIO_WEB_CAPACIDAD_ASUMIDA"
"a05gK00006FfF6LQAV","SITIO_WEB_CAPACIDAD_ASUMIDA"
"a05gK00006FfF6MQAV","SITIO_WEB_CAPACIDAD_ASUMIDA"
"a05gK00006FfF6NQAV","SITIO_WEB_CAPACIDAD_ASUMIDA"
"a05gK00006FfF6OQAV","SITIO_WEB_CAPACIDAD_ASUMIDA"
"a05gK00006FfF6PQAV","SITIO_WEB_CAPACIDAD_ASUMIDA"
"a05gK00006FfF6QQAV","SITIO_WEB_CAPACIDAD_ASUMIDA"
"a05gK00006FfF6RQAV","SITIO_WEB_CAPACIDAD_ASUMIDA"
"a05gK00006FfF6SQAV","SITIO_WEB_CAPACIDAD_ASUMIDA"
"a05gK00006FfF6TQAV","SITIO_WEB_CAPACIDAD_ASUMIDA"
"a05gK00006FfF6UQAV","SITIO_WEB_CAPACIDAD_ASUMIDA"
"a05gK00006FfF6VQAV","SITIO_WEB_CAPACIDAD_ASUMIDA"
"a05gK00006FfF6WQAV","SITIO_WEB_CAPACIDAD_ASUMIDA"
"a05gK00006FfF6XQAV","SITIO_WEB_CAPACIDAD_ASUMIDA"
"a05gK00006FfF6YQAV","SITIO_WEB_CAPACIDAD_ASUMIDA"
"a05gK00006FfF6ZQAV","SITIO_WEB_CAPACIDAD_ASUMIDA"
"a05gK00006FfF6aQAF","SITIO_WEB_CAPACIDAD_ASUMIDA"
"a05gK00006FfF6bQAF","SITIO_WEB_CAPACIDAD_ASUMIDA"
"a05gK00006FfF6cQAF","SITIO_WEB_CAPACIDAD_ASUMIDA"
"a05gK00006FfF6dQAF","SITIO_WEB_CAPACIDAD_ASUMIDA"
"a05gK00006FfF6eQAF","SITIO_WEB_CAPACIDAD_ASUMIDA"
"a05gK00006FfF6fQAF","SITIO_WEB_CAPACIDAD_ASUMIDA"
"a05gK00006FfF6gQAF","SITIO_WEB_CAPACIDAD_ASUMIDA"
"a05gK00006FfF6hQAF","SITIO_WEB_CAPACIDAD_ASUMIDA"
"a05gK00006FfF6iQAF","SITIO_WEB_CAPACIDAD_ASUMIDA"
"a05gK00006FfF6jQAF","SITIO_WEB_CAPACIDAD_ASUMIDA"
"a05gK00006FfF6kQAF","SITIO_WEB_CAPACIDAD_ASUMIDA"
"a05gK00006FfF6lQAF","SITIO_WEB_CAPACIDAD_ASUMIDA"
"a05gK00006FfF6mQAF","SITIO_WEB_CAPACIDAD_ASUMIDA"
"a05gK00006FfF6nQAF","SITIO_WEB_CAPACIDAD_ASUMIDA"
"a05gK00006FfF6oQAF","SITIO_WEB_CAPACIDAD_ASUMIDA"
"a05gK00006FfF6pQAF","SITIO_WEB_CAPACIDAD_ASUMIDA"
"a05gK00006FfF6qQAF","SITIO_WEB_CAPACIDAD_ASUMIDA"
"a05gK00006FfF6rQAF","SITIO_WEB_CAPACIDAD_ASUMIDA"
"a05gK00006FfF6sQAF","SITIO_WEB_CAPACIDAD_ASUMIDA"
"a05gK00006FfF6tQAF","SITIO_WEB_CAPACIDAD_ASUMIDA"
"a05gK00006FfF6uQAF","SITIO_WEB_CAPACIDAD_ASUMIDA"
"a05gK00006FfF6vQAF","SITIO_WEB_CAPACIDAD_ASUMIDA"
"a05gK00006FfF6wQAF","SITIO_WEB_CAPACIDAD_ASUMIDA"
"a05gK00006FfF6xQAF","SITIO_WEB_CAPACIDAD_ASUMIDA"
"a05gK00006FfF6yQAF","SITIO_WEB_CAPACIDAD_ASUMIDA"
"a05gK00006FfF6zQAF","SITIO_WEB_CAPACIDAD_ASUMIDA"
"a05gK00006FfF70QAF","SITIO_WEB_CAPACIDAD_ASUMIDA"
"a05gK00006FfF71QAF","SITIO_WEB_CAPACIDAD_ASUMIDA"
"a05gK00006FfF72QAF","SITIO_WEB_CAPACIDAD_ASUMIDA"
"a05gK00006FfF73QAF","SITIO_WEB_CAPACIDAD_ASUMIDA"
"a05gK00006FfF74QAF","SITIO_WEB_CAPACIDAD_ASUMIDA"
"a05gK00006FfF75QAF","SITIO_WEB_CAPACIDAD_ASUMIDA"
"a05gK00006FfF76QAF","SITIO_WEB_CAPACIDAD_ASUMIDA"
"a05gK00006FfF77QAF","SITIO_WEB_CAPACIDAD_ASUMIDA"
"a05gK00006FfF78QAF","SITIO_WEB_CAPACIDAD_ASUMIDA"
"a05gK00006FfF79QAF","SITIO_WEB_CAPACIDAD_ASUMIDA"
"a05gK00006FfF7AQAV","SITIO_WEB_CAPACIDAD_ASUMIDA"
"a05gK00006FfF7BQAV","SITIO_WEB_CAPACIDAD_ASUMIDA"
"a05gK00006FfF7CQAV","SITIO_WEB_CAPACIDAD_ASUMIDA"
"a05gK00006FfF7DQAV","SITIO_WEB_CAPACIDAD_ASUMIDA"
"a05gK00006FfF7EQAV","SITIO_WEB_CAPACIDAD_ASUMIDA"
"a05gK00006FfF7FQAV","SITIO_WEB_CAPACIDAD_ASUMIDA"
"a05gK00006FfF7GQAV","SITIO_WEB_CAPACIDAD_ASUMIDA"
"a05gK00006FfF7HQAV","SITIO_WEB_CAPACIDAD_ASUMIDA"
"a05gK00006FfF7IQAV","SITIO_WEB_CAPACIDAD_ASUMIDA"
"a05gK00006FfF7JQAV","SITIO_WEB_CAPACIDAD_ASUMIDA"
"a05gK00006FfF7KQAV","SITIO_WEB_CAPACIDAD_ASUMIDA"
"a05gK00006FfF7LQAV","SITIO_WEB_CAPACIDAD_ASUMIDA"
"a05gK00006FfF7MQAV","SITIO_WEB_CAPACIDAD_ASUMIDA"
"a05gK00006FfF7NQAV","SITIO_WEB_CAPACIDAD_ASUMIDA"
"a05gK00006FfF7OQAV","SITIO_WEB_CAPACIDAD_ASUMIDA"
"a05gK00006FfF7PQAV","SITIO_WEB_CAPACIDAD_ASUMIDA"
"a05gK00006FfF7QQAV","SITIO_WEB_CAPACIDAD_ASUMIDA"
"a05gK00006FfFAfQAN","SITIO_WEB_CAPACIDAD_ASUMIDA"
"a05gK00006FfFAgQAN","SITIO_WEB_CAPACIDAD_ASUMIDA"
"a05gK00006FfFAhQAN","SITIO_WEB_CAPACIDAD_ASUMIDA"
"a05gK00006FfFAiQAN","SITIO_WEB_CAPACIDAD_ASUMIDA"
"a05gK00006FfFAjQAN","SITIO_WEB_CAPACIDAD_ASUMIDA"
"a05gK00006FfFAkQAN","SITIO_WEB_CAPACIDAD_ASUMIDA"
"a05gK00006FfFAlQAN","SITIO_WEB_CAPACIDAD_ASUMIDA"
"a05gK00006FfFAmQAN","SITIO_WEB_CAPACIDAD_ASUMIDA"
"a05gK00006FfFAnQAN","SITIO_WEB_CAPACIDAD_ASUMIDA"
"a05gK00006FfFAoQAN","SITIO_WEB_CAPACIDAD_ASUMIDA"
"a05gK00006FfFApQAN","SITIO_WEB_CAPACIDAD_ASUMIDA"
"a05gK00006FfFAqQAN","SITIO_WEB_CAPACIDAD_ASUMIDA"
"a05gK00006FfFArQAN","SITIO_WEB_CAPACIDAD_ASUMIDA"
"a05gK00006FfFAsQAN","SITIO_WEB_CAPACIDAD_ASUMIDA"
"a05gK00006FfFAtQAN","SITIO_WEB_CAPACIDAD_ASUMIDA"
"a05gK00006FfFAuQAN","SITIO_WEB_CAPACIDAD_ASUMIDA"
"a05gK00006FfFAvQAN","SITIO_WEB_CAPACIDAD_ASUMIDA"
"a05gK00006FfFAwQAN","SITIO_WEB_CAPACIDAD_ASUMIDA"
"a05gK00006FfFAxQAN","SITIO_WEB_CAPACIDAD_ASUMIDA"
"a05gK00006FfFAyQAN","SITIO_WEB_CAPACIDAD_ASUMIDA"
"a05gK00006FfFAzQAN","SITIO_WEB_CAPACIDAD_ASUMIDA"
"a05gK00006FfFB0QAN","SITIO_WEB_CAPACIDAD_ASUMIDA"
"a05gK00006FfFB1QAN","SITIO_WEB_CAPACIDAD_ASUMIDA"
"a05gK00006FfFB2QAN","SITIO_WEB_CAPACIDAD_ASUMIDA"
"a05gK00006FfFB3QAN","SITIO_WEB_CAPACIDAD_ASUMIDA"
"a05gK00006FfFB4QAN","SITIO_WEB_CAPACIDAD_ASUMIDA"
"a05gK00006FfFB5QAN","SITIO_WEB_CAPACIDAD_ASUMIDA"
"a05gK00006FfFB6QAN","SITIO_WEB_CAPACIDAD_ASUMIDA"
"a05gK00006FfFB7QAN","SITIO_WEB_CAPACIDAD_ASUMIDA"
"a05gK00006FfFB8QAN","SITIO_WEB_CAPACIDAD_ASUMIDA"
"a05gK00006FfFB9QAN","SITIO_WEB_CAPACIDAD_ASUMIDA"
"a05gK00006FfFBAQA3","SITIO_WEB_CAPACIDAD_ASUMIDA"
"a05gK00006FfFBBQA3","SITIO_WEB_CAPACIDAD_ASUMIDA"
"a05gK00006FfFBCQA3","SITIO_WEB_CAPACIDAD_ASUMIDA"
"a05gK00006FfFBDQA3","SITIO_WEB_CAPACIDAD_ASUMIDA"
"a05gK00006FfFBEQA3","SITIO_WEB_CAPACIDAD_ASUMIDA"
"a05gK00006FfFBFQA3","SITIO_WEB_CAPACIDAD_ASUMIDA"
"a05gK00006FfFBGQA3","SITIO_WEB_CAPACIDAD_ASUMIDA"
"a05gK00006FfFBHQA3","SITIO_WEB_CAPACIDAD_ASUMIDA"
"a05gK00006FfFBIQA3","SITIO_WEB_CAPACIDAD_ASUMIDA"
"a05gK00006FfFBJQA3","SITIO_WEB_CAPACIDAD_ASUMIDA"
"a05gK00006FfFBKQA3","SITIO_WEB_CAPACIDAD_ASUMIDA"
"a05gK00006FfFBLQA3","SITIO_WEB_CAPACIDAD_ASUMIDA"
"a05gK00006FfFBMQA3","SITIO_WEB_CAPACIDAD_ASUMIDA"
"a05gK00006FfFBNQA3","SITIO_WEB_CAPACIDAD_ASUMIDA"
"a05gK00006FfFBOQA3","SITIO_WEB_CAPACIDAD_ASUMIDA"
"a05gK00006FfFBPQA3","SITIO_WEB_CAPACIDAD_ASUMIDA"
"a05gK00006FfFBQQA3","SITIO_WEB_CAPACIDAD_ASUMIDA"
"a05gK00006FfFBRQA3","SITIO_WEB_CAPACIDAD_ASUMIDA"
